Nascar_Driver_ID,Badge_Image,Image_Small,Firesuit_Image_Small
4392,,,
4237,,,
4237,,,
4185,,https://www.nascar.com/wp-content/uploads/sites/7/2017/01/headshot_new_2016_ncwts_rico_abreu_550x440-100x83.png,
4121,,,
4371,https://www.nascar.com/wp-content/uploads/sites/7/2022/03/15/45-1.png,https://www.nascar.com/wp-content/uploads/sites/7/2022/01/28/3_2022_Lawless_Alan_550x440-100x83.png,https://www.nascar.com/wp-content/uploads/sites/7/2022/04/07/lawless-alan-202x290.png
4371,,,
4371,,,
4401,,,
4301,https://www.nascar.com/wp-content/uploads/sites/7/2022/03/15/23.png,https://www.nascar.com/wp-content/uploads/sites/7/2022/01/27/2_2022_Anthony_Alfredo_550x440-100x83.png,https://www.nascar.com/wp-content/uploads/sites/7/2022/04/07/anthony-alfredo-202x290.png
33,,,
34,https://www.nascar.com/wp-content/uploads/sites/7/2022/07/28/62.png,https://www.nascar.com/wp-content/uploads/sites/7/2022/01/27/2_2022_Justin_Allgaier_550x440-100x83.png,https://www.nascar.com/wp-content/uploads/sites/7/2022/04/07/justin-allgaier-202x290.png
34,https://www.nascar.com/wp-content/uploads/sites/7/2022/03/15/7.png,https://www.nascar.com/wp-content/uploads/sites/7/2022/01/27/2_2022_Justin_Allgaier_550x440-100x83.png,https://www.nascar.com/wp-content/uploads/sites/7/2022/04/07/justin-allgaier-202x290.png
3774,https://www.nascar.com/wp-content/uploads/sites/7/2022/03/15/16-1.png,https://www.nascar.com/wp-content/uploads/sites/7/2022/01/27/2_2022_AJ_Allmendinger_550x440-100x83.png,https://www.nascar.com/wp-content/uploads/sites/7/2022/04/07/aj-allmendinger-202x290.png
40,https://www.nascar.com/wp-content/uploads/sites/7/2017/01/21/10-1.png,https://www.nascar.com/wp-content/uploads/sites/7/2022/01/28/1_2022_Aric_Almirola_550x440-100x83.png,https://www.nascar.com/wp-content/uploads/sites/7/2022/04/07/aric-almirola-202x290.png
49,,,
4139,https://www.nascar.com/wp-content/uploads/sites/7/2022/03/15/3-1.png,https://www.nascar.com/wp-content/uploads/sites/7/2022/01/27/2_2022_Jordan_Anderson_550x440-100x83.png,https://www.nascar.com/wp-content/uploads/sites/7/2022/04/07/jordan-anderson-202x290.png
4450,,,
68,,,
3889,,,
4296,https://www.nascar.com/wp-content/uploads/sites/7/2022/03/15/16-2.png,https://www.nascar.com/wp-content/uploads/sites/7/2022/01/28/3_2022_Tyler_Ankrum_550x440-100x83.png,https://www.nascar.com/wp-content/uploads/sites/7/2022/04/07/tyler-ankrum-202x290.png
3861,,https://www.nascar.com/wp-content/uploads/sites/7/2017/01/15/2_2021_MichaelAnnett_550x440-100x83.png,
3998,,https://www.nascar.com/wp-content/uploads/sites/7/2017/01/NXS_2017_Dakoda_Armstrong_550x440-100x83.png,
3998,,,
3941,,,
4177,,,
89,,,
92,,,
4393,,,
99,,,
3833,,,
110,,,
110,,,
4289,,,
4245,,,
4259,,https://www.nascar.com/wp-content/uploads/sites/7/2020/02/24/2_2020_CeaserBacarella_550x440-100x83.png,
3892,,,
126,,,
4361,,,
3899,,,
4270,,,
156,,,
157,,,
4309,,,
4305,,,
3883,,https://www.nascar.com/wp-content/uploads/sites/7/2017/01/1_2018_Trevor_Bayne_550x440-100x83.png,
171,,,
3725,,,
3725,,,
4394,,,
198,,,
198,,,
4028,,,
198,,https://www.nascar.com/wp-content/uploads/sites/7/2017/01/Silhouette-100x83.png,
4153,https://www.nascar.com/wp-content/uploads/sites/7/2017/01/21/20-1.png,https://www.nascar.com/wp-content/uploads/sites/7/2017/01/18/1_2022_Christopher_Bell_550x440-100x83.png,https://www.nascar.com/wp-content/uploads/sites/7/2022/04/07/christopher-bell-202x290.png
4230,,https://www.nascar.com/wp-content/uploads/sites/7/2017/01/Silhouette-100x83.png,
4230,,,
4230,,,
4230,,,
214,,https://www.nascar.com/wp-content/uploads/sites/7/2021/02/17/3_2021_NormBenning_550x440-100x83.png,
217,,,
4123,https://www.nascar.com/wp-content/uploads/sites/7/2022/03/15/8-1.png,https://www.nascar.com/wp-content/uploads/sites/7/2022/01/27/2_2022_Josh_Berry_550x440-100x83.png,https://www.nascar.com/wp-content/uploads/sites/7/2022/04/07/josh-berry-202x290.png
4022,,https://www.nascar.com/wp-content/uploads/sites/7/2017/01/Silhouette-100x83.png,
4022,,,
243,,https://www.nascar.com/wp-content/uploads/sites/7/2017/01/headshot_new_2016_nscs_greg_biffle_550x440-100x83.png,
3779,,,
3779,,,
3895,,,
3778,,,
4110,,https://www.nascar.com/wp-content/uploads/sites/7/2017/01/headshot_new_2016_nxs_ray_black_jr_550x440-100x83.png,
267,,,
267,,,
4023,https://www.nascar.com/wp-content/uploads/sites/7/2017/01/21/12-1.png,https://www.nascar.com/wp-content/uploads/sites/7/2022/01/28/1_2022_Ryan_Blaney_550x440-100x83.png,https://www.nascar.com/wp-content/uploads/sites/7/2022/04/07/ryan-blaney-202x290.png
275,,,
279,,,
4098,,,
287,,,
286,,,
286,,,
4323,,,
320,,,
4126,,,
4202,,,
3844,,,
3924,,,
4045,https://www.nascar.com/wp-content/uploads/sites/7/2017/01/21/48-1.png,https://www.nascar.com/wp-content/uploads/sites/7/2022/01/28/1_2022_Alex_Bowman_550x440-100x83.png,https://www.nascar.com/wp-content/uploads/sites/7/2022/04/07/alex-bowman-193x290.png
339,,https://www.nascar.com/wp-content/uploads/sites/7/2020/02/05/1_2020_ClintBowyer_550x440-100x83.png,
4192,https://www.nascar.com/wp-content/uploads/sites/7/2022/03/15/12.png,https://www.nascar.com/wp-content/uploads/sites/7/2022/01/28/3_2022_Spencer_Boyd_550x440-100x83.png,https://www.nascar.com/wp-content/uploads/sites/7/2022/04/07/spencer-boyd-202x290.png
345,,,
345,,,
3864,,,
3927,,,
3828,,,
3868,,,
4228,https://www.nascar.com/wp-content/uploads/sites/7/2017/03/21/14-1.png,https://www.nascar.com/wp-content/uploads/sites/7/2022/01/28/1_2022_Chase_Briscoe_550x440-100x83.png,https://www.nascar.com/wp-content/uploads/sites/7/2022/04/07/chase-briscoe-204x290.png
3921,,,
4178,,,
3919,,,
4118,https://www.nascar.com/wp-content/uploads/sites/7/2018/02/15/68.png,https://www.nascar.com/wp-content/uploads/sites/7/2022/01/27/2_2022_Brandon_Brown_550x440-100x83.png,https://www.nascar.com/wp-content/uploads/sites/7/2022/04/07/brandon-brown-202x290.png
4402,,,
4118,,https://www.nascar.com/wp-content/uploads/sites/7/2019/02/2_2019_BrandonBrown_550x440-100x83.png,
3875,,,
4136,,,
3850,,,
3850,,,
3989,https://www.nascar.com/wp-content/uploads/sites/7/2017/01/21/17-1.png,https://www.nascar.com/wp-content/uploads/sites/7/2022/02/22/1_2022_Chris_Buescher_550x440-100x83.png,https://www.nascar.com/wp-content/uploads/sites/7/2022/04/07/chris-buescher-203x290.png
4346,https://www.nascar.com/wp-content/uploads/sites/7/2022/03/15/48.png,https://www.nascar.com/wp-content/uploads/sites/7/2022/01/27/2_2022_Jade_Buford_550x440-100x83.png,https://www.nascar.com/wp-content/uploads/sites/7/2022/04/07/jade-buford-202x290.png
4445,,,
4217,https://www.nascar.com/wp-content/uploads/sites/7/2018/01/21/21.png,https://www.nascar.com/wp-content/uploads/sites/7/2022/01/28/1_2022_Harrison_Burton_550x440-100x83.png,https://www.nascar.com/wp-content/uploads/sites/7/2022/04/07/harrison-burton-202x290.png
4018,https://www.nascar.com/wp-content/uploads/sites/7/2022/03/15/27-1.png,https://www.nascar.com/wp-content/uploads/sites/7/2022/01/27/2_2022_Jeb_Burton_550x440-100x83.png,https://www.nascar.com/wp-content/uploads/sites/7/2022/04/07/jeb-burton-202x290.png
451,,,
452,,,
3900,,,
453,https://www.nascar.com/wp-content/uploads/sites/7/2017/01/02/45.png,https://www.nascar.com/wp-content/uploads/sites/7/2022/01/28/1_2022_Kurt_Busch_550x440-100x83.png,https://www.nascar.com/wp-content/uploads/sites/7/2022/04/07/kurt-busch-202x290.png
454,https://www.nascar.com/wp-content/uploads/sites/7/2022/03/15/8.png,https://www.nascar.com/wp-content/uploads/sites/7/2022/01/28/1_2022_Kyle_Busch_550x440-100x83.png,https://www.nascar.com/wp-content/uploads/sites/7/2017/01/10/kyle-waistup-205x290.png
3886,,,
3802,,,
4184,https://www.nascar.com/wp-content/uploads/sites/7/2017/01/21/24-1.png,https://www.nascar.com/wp-content/uploads/sites/7/2022/01/28/1_2022_William_Byron_550x440-100x83.png,https://www.nascar.com/wp-content/uploads/sites/7/2022/04/07/william-byron-202x290.png
3820,,,
3880,,,
4439,,,
3811,,,
3811,,,
4372,,,
513,,,
4422,,,
4422,https://www.nascar.com/wp-content/uploads/sites/7/2022/03/15/45.png,https://www.nascar.com/wp-content/uploads/sites/7/2022/04/28/2_2022_Rajah_Caruth_550x440-100x83.png,
3858,,,
3808,https://www.nascar.com/wp-content/uploads/sites/7/2019/02/21/77.png,https://www.nascar.com/wp-content/uploads/sites/7/2022/01/27/2_2022_Landon_Cassill_550x440-100x83.png,https://www.nascar.com/wp-content/uploads/sites/7/2022/04/07/landon-cassill-202x290.png
3808,https://www.nascar.com/wp-content/uploads/sites/7/2022/03/15/10.png,https://www.nascar.com/wp-content/uploads/sites/7/2022/01/27/2_2022_Landon_Cassill_550x440-100x83.png,https://www.nascar.com/wp-content/uploads/sites/7/2022/04/07/landon-cassill-202x290.png
532,,,
541,,,
4370,,,
4410,,,
4001,https://www.nascar.com/wp-content/uploads/sites/7/2017/01/21/1-1.png,https://www.nascar.com/wp-content/uploads/sites/7/2022/01/28/1_2022_Ross_Chastain_550x440-100x83.png,https://www.nascar.com/wp-content/uploads/sites/7/2022/04/07/ross-chastain-202x290.png
4134,,,
4134,,,
4134,,,
4134,,https://www.nascar.com/wp-content/uploads/sites/7/2018/02/3_2018_WENDELL_CHAVOUS_550x440-100x83.png,
562,,,
562,,,
4240,,https://www.nascar.com/wp-content/uploads/sites/7/2019/09/24/3_2020_RayCiccarelli_550x440-100x83.png,
4180,https://www.nascar.com/wp-content/uploads/sites/7/2018/02/21/2.png,https://www.nascar.com/wp-content/uploads/sites/7/2022/01/28/1_2022_Austin_Cindric_550x440-100x83.png,https://www.nascar.com/wp-content/uploads/sites/7/2022/04/07/austin-cindric-202x290.png
570,,,
3819,,,
595,https://www.nascar.com/wp-content/uploads/sites/7/2022/03/15/51.png,https://www.nascar.com/wp-content/uploads/sites/7/2017/01/07/2_2022_Jeremy_Clements_550x440-100x83.png,https://www.nascar.com/wp-content/uploads/sites/7/2022/04/07/jeremy-clements-202x290.png
608,,https://www.nascar.com/wp-content/uploads/sites/7/2022/01/28/3_2022_Jennifer_Jo_Cobb_550x440-100x83.png,
4405,,,
3907,,,
4010,,https://www.nascar.com/wp-content/uploads/sites/7/2020/02/24/2_2020_ChrisCockrum_550x440-100x83.png,
3831,,,
621,,,
4275,,,
3826,,,
4362,,,
638,,,
4101,,,
646,,,
4137,,,
648,,,
648,,,
650,,,
650,,,
658,,,
666,,https://www.nascar.com/wp-content/uploads/sites/7/2017/01/headshot_new_2016_nxs_derrike_cope_550x440-100x83.png,
666,,,
4334,,,
4036,,,
4155,,,
3792,,,
694,https://www.nascar.com/wp-content/uploads/sites/7/2022/03/15/88.png,https://www.nascar.com/wp-content/uploads/sites/7/2022/02/15/3_2022_Matt_Crafton_550x440-100x83.png,https://www.nascar.com/wp-content/uploads/sites/7/2022/04/07/matt-crafton-202x290.png
4256,,,
4256,,,
4156,,,
706,,,
4204,https://www.nascar.com/wp-content/uploads/sites/7/2022/03/15/2.png,https://www.nascar.com/wp-content/uploads/sites/7/2022/01/27/2_2022_Sheldon_Creed_550x440-100x83.png,https://www.nascar.com/wp-content/uploads/sites/7/2022/04/07/sheldon-creed-202x290.png
714,,,
3856,,,
4365,,,
4257,https://www.nascar.com/wp-content/uploads/sites/7/2022/03/15/4.png,https://www.nascar.com/wp-content/uploads/sites/7/2022/01/27/2_2022_Bayley_Currey_550x440-100x83.png,https://www.nascar.com/wp-content/uploads/sites/7/2022/04/07/bayley-currey-202x290.png
4257,,,
4104,https://www.nascar.com/wp-content/uploads/sites/7/2017/01/21/41-1.png,https://www.nascar.com/wp-content/uploads/sites/7/2022/01/28/1_2022_Cole_Custer_550x440-100x83.png,https://www.nascar.com/wp-content/uploads/sites/7/2022/04/07/cole-custer-202x290.png
4288,https://www.nascar.com/wp-content/uploads/sites/7/2022/10/06/50.png,https://www.nascar.com/wp-content/uploads/sites/7/2017/01/Silhouette-100x83.png,
4288,,,
4288,,,
4288,,,
4288,,https://www.nascar.com/wp-content/uploads/sites/7/2017/01/Silhouette-100x83.png,
760,,,
760,,,
3830,,,
4127,,,
4127,,https://www.nascar.com/wp-content/uploads/sites/7/2019/09/24/3_2020_BryanDauzat_550x440-100x83.png,
3810,,,
4260,,,
767,,,
3872,,,
0,,https://www.nascar.com/wp-content/uploads/sites/7/2021/04/20/1_2021_JamesDavison_550x440-100x83.png,
4211,,,
4208,,,
4300,,https://www.nascar.com/wp-content/uploads/sites/7/2019/01/24/3_2020_GusDean_550x440-100x83.png,
4196,,https://www.nascar.com/wp-content/uploads/sites/7/2019/02/24/3_2020_NatalieDecker_550x440-100x83.png,
4195,,,
4147,,,
4366,https://www.nascar.com/wp-content/uploads/sites/7/2022/03/15/1-1.png,https://www.nascar.com/wp-content/uploads/sites/7/2022/01/28/3_2022_Hailie_Deegan_550x440-100x83.png,https://www.nascar.com/wp-content/uploads/sites/7/2022/04/07/hailie-deegan-202x290.png
4366,,,
3893,,,
4255,,,
4255,,,
4255,,,
4255,,https://www.nascar.com/wp-content/uploads/sites/7/2017/01/Silhouette-100x83.png,
3916,https://www.nascar.com/wp-content/uploads/sites/7/2022/03/15/25.png,https://www.nascar.com/wp-content/uploads/sites/7/2022/02/18/3_2022_Matt_DiBenedetto_550x440-100x83.png,https://www.nascar.com/wp-content/uploads/sites/7/2022/04/07/matt-dibenedetto-202x290.png
3881,,,
3913,,,
832,,,
4418,,,
3873,https://www.nascar.com/wp-content/uploads/sites/7/2022/03/15/3.png,https://www.nascar.com/wp-content/uploads/sites/7/2022/01/28/1_2022_Austin_Dillon_550x440-100x83.png,https://www.nascar.com/wp-content/uploads/sites/7/2022/04/07/austin-dillon-202x290.png
4013,https://www.nascar.com/wp-content/uploads/sites/7/2019/02/21/77.png,https://www.nascar.com/wp-content/uploads/sites/7/2022/01/28/1_2022_Ty_Dillon_550x440-100x83.png,https://www.nascar.com/wp-content/uploads/sites/7/2022/04/07/ty-dillon-202x290.png
4276,,https://www.nascar.com/wp-content/uploads/sites/7/2019/02/3_2019_TylerDippel_550x440-100x83.png,
4379,,,
4379,,,
4099,,,
4324,,,
4367,,,
4221,,,
4222,,,
869,,,
4197,,,
3963,,,
3905,,,
3876,,,
4335,,,
3894,,https://www.nascar.com/wp-content/uploads/sites/7/2019/11/15/2_2021_JeffreyEarnhardt_550x440-100x83.png,
915,https://www.nascar.com/wp-content/uploads/sites/7/2022/04/06/88.png,https://www.nascar.com/wp-content/uploads/sites/7/2017/02/monster_2017_dale_jr_550x440-100x83.png,
919,,,
4268,https://www.nascar.com/wp-content/uploads/sites/7/2022/03/15/98-1.png,https://www.nascar.com/wp-content/uploads/sites/7/2022/01/28/3_2022_Christian_Eckes_550x440-100x83.png,https://www.nascar.com/wp-content/uploads/sites/7/2022/04/07/christian-eckes-202x290.png
931,,,
4040,,,
923,,,
3806,,,
3935,,,
3944,,,
4062,https://www.nascar.com/wp-content/uploads/sites/7/2017/01/21/9-1.png,https://www.nascar.com/wp-content/uploads/sites/7/2022/01/28/1_2022_Chase_Elliott_550x440-100x83.png,https://www.nascar.com/wp-content/uploads/sites/7/2022/04/07/chase-elliot-202x290.png
939,,,
939,,,
0,,https://www.nascar.com/wp-content/uploads/sites/7/2017/01/headshot_new_2016_ncwts_ryan_ellis_550x4401-100x83.png,
4029,,,
4254,,,
4360,,,
3978,https://www.nascar.com/wp-content/uploads/sites/7/2022/03/15/23-1.png,https://www.nascar.com/wp-content/uploads/sites/7/2022/01/28/3_2022_Grant_Enfinger_550x440-100x83.png,https://www.nascar.com/wp-content/uploads/sites/7/2022/04/07/grant-enfinger-202x290.png
4122,,,
4398,,,
4067,,,
1012,,,
1015,,,
1015,,,
1018,,,
4374,,,
1031,,,
4434,,,
4232,,https://www.nascar.com/wp-content/uploads/sites/7/2020/02/24/2_2020_ChadFinchum_550x440-100x83.png,
4232,,,
3992,,,
3782,,,
4271,https://www.nascar.com/wp-content/uploads/sites/7/2022/03/15/30.png,https://www.nascar.com/wp-content/uploads/sites/7/2021/04/15/3_2021_TateFogleman_550x440-100x83.png,https://www.nascar.com/wp-content/uploads/sites/7/2022/04/07/tate-fogleman-202x290.png
4218,,,
4218,,,
4218,,,
4218,,https://www.nascar.com/wp-content/uploads/sites/7/2018/01/3_2018_JUSTIN_FONTAINE_550x440-100x83.png,
1074,,,
4111,,https://www.nascar.com/wp-content/uploads/sites/7/2020/02/24/3_2020_KorbinForrister_550x440-100x83.png,
4017,,,
3739,,,
4182,,,
1096,,,
3827,,,
4249,,,
1101,,,
4293,,,
4293,,,
4293,,,
4293,,,
4293,,,
4377,,,
4377,,,
4205,https://www.nascar.com/wp-content/uploads/sites/7/2022/03/15/52-1.png,https://www.nascar.com/wp-content/uploads/sites/7/2022/02/15/3_2022_Stewart_Friesen_550x440-100x83.png,https://www.nascar.com/wp-content/uploads/sites/7/2022/04/07/stewart-friesen-202x290.png
1126,,,
3903,,,
1140,,,
4063,,https://www.nascar.com/wp-content/uploads/sites/7/2017/01/2_2018_Spencer_Gallagher_550x440-100x83.png,
4330,,,
4186,,,
3784,,,
4423,,,
4310,,https://www.nascar.com/wp-content/uploads/sites/7/2020/02/24/2_2020_ColinGarrett_550x440-100x83.png,
1162,,,
4004,,,
4004,https://www.nascar.com/wp-content/uploads/sites/7/2022/03/15/53.png,https://www.nascar.com/wp-content/uploads/sites/7/2017/01/07/2_2022_Joey_Gase_550x440-100x83.png,https://www.nascar.com/wp-content/uploads/sites/7/2022/04/07/joey-gase-202x290.png
4152,,,
1165,,https://www.nascar.com/wp-content/uploads/sites/7/2017/01/NXS_2017_brendan_gaughan_550x440-100x83.png,
1165,,,
4103,,https://www.nascar.com/wp-content/uploads/sites/7/2017/03/15/2_2021_GrayGaulding_550x440-100x83.png,
1167,,,
4149,,,
3925,,,
1180,,,
1180,,https://www.nascar.com/wp-content/uploads/sites/7/2017/01/Silhouette-100x83.png,
4368,https://www.nascar.com/wp-content/uploads/sites/7/2017/01/02/23-1.png,https://www.nascar.com/wp-content/uploads/sites/7/2022/01/27/2_2022_Ty_Gibbs_550x440-100x83.png,https://www.nascar.com/wp-content/uploads/sites/7/2022/04/07/ty-gibbs-202x290.png
4368,https://www.nascar.com/wp-content/uploads/sites/7/2022/03/15/54.png,https://www.nascar.com/wp-content/uploads/sites/7/2022/01/27/2_2022_Ty_Gibbs_550x440-100x83.png,https://www.nascar.com/wp-content/uploads/sites/7/2022/04/07/ty-gibbs-202x290.png
4328,,,
1202,,https://www.nascar.com/wp-content/uploads/sites/7/2019/02/3_2019_DavidGilliland_550x440-100x83.png,
4231,https://www.nascar.com/wp-content/uploads/sites/7/2018/01/21/38.png,https://www.nascar.com/wp-content/uploads/sites/7/2022/01/28/1_2022_Todd_Gilliand_550x440-100x83.png,https://www.nascar.com/wp-content/uploads/sites/7/2022/04/07/todd-gilliand-202x290.png
1220,,,
4380,,,
4308,,,
3912,,,
3912,,,
1234,,,
1237,,,
1239,,,
4375,,,
3841,,,
4386,,,
4311,,,
1243,,,
1243,,,
1243,,https://www.nascar.com/wp-content/uploads/sites/7/2017/01/headshot_new_2016_nxs_mario_gosselin_550x440-100x83.png,
1255,,,
4313,,,
4313,https://www.nascar.com/wp-content/uploads/sites/7/2022/03/15/07.png,https://www.nascar.com/wp-content/uploads/sites/7/2022/01/27/2_2022_Joe_GrafJr_550x440-100x83.png,https://www.nascar.com/wp-content/uploads/sites/7/2022/04/07/joe-graf-jr-202x290.png
0,https://www.nascar.com/wp-content/uploads/sites/7/2022/03/15/9.png,https://www.nascar.com/wp-content/uploads/sites/7/2022/01/27/2_2022_Noah_Gragson_550x440-100x83.png,https://www.nascar.com/wp-content/uploads/sites/7/2017/01/26/noah-gragson-202x290.png
4224,https://www.nascar.com/wp-content/uploads/sites/7/2017/01/21/42-1.png,https://www.nascar.com/wp-content/uploads/sites/7/2022/01/27/2_2022_Noah_Gragson_550x440-100x83.png,https://www.nascar.com/wp-content/uploads/sites/7/2017/01/26/noah-gragson-202x290.png
4248,,,
1260,,,
4191,,https://www.nascar.com/wp-content/uploads/sites/7/2017/01/22/1_2021_KazGrala_550x440-100x83.png,
4350,,,
4406,,,
4342,https://www.nascar.com/wp-content/uploads/sites/7/2022/03/15/15-1.png,https://www.nascar.com/wp-content/uploads/sites/7/2022/01/28/3_2022_Tanner_Gray_550x440-100x83.png,https://www.nascar.com/wp-content/uploads/sites/7/2022/04/07/tanner-gray-202x290.png
1282,,,
1278,,,
1282,,https://www.nascar.com/wp-content/uploads/sites/7/2017/01/headshot_new_2016_jeff_green_550x440-100x83.png,
1284,,,
3936,,https://www.nascar.com/wp-content/uploads/sites/7/2017/01/Silhouette-100x83.png,
3956,,,
4148,,,
4407,,,
1303,,,
4395,,,
4088,,,
3870,,,
1320,,,
4429,,,
4027,,,
4408,,,
3854,,,
3854,,,
4172,https://www.nascar.com/wp-content/uploads/sites/7/2017/06/21/31.png,https://www.nascar.com/wp-content/uploads/sites/7/2022/01/28/1_2022_Justin_Haley_550x440-100x83.png,https://www.nascar.com/wp-content/uploads/sites/7/2022/04/07/justin-haley-202x290.png
0,,https://www.nascar.com/wp-content/uploads/sites/7/2020/02/24/2_2020_JustinHaley_550x440-100x83.png,
1350,,,
1358,,,
1362,,,
1362,,,
1361,https://www.nascar.com/wp-content/uploads/sites/7/2017/01/21/11-1.png,https://www.nascar.com/wp-content/uploads/sites/7/2022/01/28/1_2022_Denny_Hamlin_550x440-100x83.png,https://www.nascar.com/wp-content/uploads/sites/7/2022/04/07/denny-hamlin-202x290.png
4207,,,
4413,https://www.nascar.com/wp-content/uploads/sites/7/2017/01/02/15-1.png,https://www.nascar.com/wp-content/uploads/sites/7/2017/01/Silhouette-100x83.png,
3801,,,
1392,,https://www.nascar.com/wp-content/uploads/sites/7/2020/02/24/2_2020_MikeHarmon_550x440-100x83.png,
3890,,,
3964,,,
3904,,,
1416,https://www.nascar.com/wp-content/uploads/sites/7/2017/01/21/4-1.png,https://www.nascar.com/wp-content/uploads/sites/7/2022/01/28/1_2022_Kevin_Harvick_550x440-100x83.png,https://www.nascar.com/wp-content/uploads/sites/7/2022/04/07/kevin-harvick-202x290.png
4250,,,
4337,,https://www.nascar.com/wp-content/uploads/sites/7/2017/01/Silhouette-100x83.png,
4130,,https://www.nascar.com/wp-content/uploads/sites/7/2017/01/headshot_new_2016_ncwts_cameron_hayley_550x440-100x83.png,
4159,,,
4200,,,
4074,,,
4074,,,
4387,https://www.nascar.com/wp-content/uploads/sites/7/2022/03/15/51-1.png,https://www.nascar.com/wp-content/uploads/sites/7/2022/01/28/3_2022_Corey_Heim_550x440-100x83.png,https://www.nascar.com/wp-content/uploads/sites/7/2022/04/07/corey-heim-202x290.png
4093,https://www.nascar.com/wp-content/uploads/sites/7/2022/03/15/11.png,https://www.nascar.com/wp-content/uploads/sites/7/2022/01/27/2_2022_Daniel_Hemric_550x440-100x83.png,https://www.nascar.com/wp-content/uploads/sites/7/2022/04/07/daniel-hemric-202x290.png
3843,,,
4243,,,
4243,,,
1462,,,
4269,https://www.nascar.com/wp-content/uploads/sites/7/2022/03/15/98.png,https://www.nascar.com/wp-content/uploads/sites/7/2022/01/27/2_2022_Riley_Herbst_550x440-100x83.png,https://www.nascar.com/wp-content/uploads/sites/7/2022/04/07/riley-herbst-202x290.png
3957,,,
4339,,,
4339,https://www.nascar.com/wp-content/uploads/sites/7/2022/03/15/27.png,https://www.nascar.com/wp-content/uploads/sites/7/2017/01/Silhouette-100x83.png,
4183,,,
4183,,,
4183,,,
4183,,https://www.nascar.com/wp-content/uploads/sites/7/2017/01/Silhouette-100x83.png,
4298,,https://www.nascar.com/wp-content/uploads/sites/7/2021/10/03/3_2021_TylerHill_550x440-100x83.png,
4133,https://www.nascar.com/wp-content/uploads/sites/7/2022/03/15/21.png,https://www.nascar.com/wp-content/uploads/sites/7/2022/01/27/2_2022_Austin_Hill_550x440-100x83.png,https://www.nascar.com/wp-content/uploads/sites/7/2022/04/07/austin-hill-202x290.png
3984,https://www.nascar.com/wp-content/uploads/sites/7/2019/01/06/66.png,https://www.nascar.com/wp-content/uploads/sites/7/2022/01/28/1_2022_Timmy_Hill_550x440-100x83.png,https://www.nascar.com/wp-content/uploads/sites/7/2022/04/07/timmy-hill-202x290.png
1505,,,
1526,,,
4326,https://www.nascar.com/wp-content/uploads/sites/7/2022/03/15/42.png,https://www.nascar.com/wp-content/uploads/sites/7/2022/01/28/3_2022_Carson_Hocevar_550x440-100x83.png,https://www.nascar.com/wp-content/uploads/sites/7/2022/04/07/carson-hocevar-202x290.png
3955,,,
1551,,https://www.nascar.com/wp-content/uploads/sites/7/2017/01/Silhouette-100x83.png,
4373,,,
4427,,,
4449,,,
1562,,,
1570,,,
1568,,,
3776,,https://www.nascar.com/wp-content/uploads/sites/7/2020/05/01/1_2017_Sam_Hornish_Jr._550x440-100x83.png,
4229,https://www.nascar.com/wp-content/uploads/sites/7/2019/11/22/00.png,https://www.nascar.com/wp-content/uploads/sites/7/2021/04/15/1_2021_QuinHouff_550x440-100x83.png,
4344,,https://www.nascar.com/wp-content/uploads/sites/7/2020/02/24/2_2020_ColbyHoward_550x440-100x83.png,
1584,,,
4344,https://www.nascar.com/wp-content/uploads/sites/7/2022/03/15/91-1.png,https://www.nascar.com/wp-content/uploads/sites/7/2022/02/18/3_2022_Colby_Howard_550x440-100x83.png,https://www.nascar.com/wp-content/uploads/sites/7/2022/04/07/colby-howard-202x290.png
1590,,,
1590,,,
4252,,,
4252,,,
4347,,,
1596,,,
4246,,,
4246,,,
4236,,,
1629,,,
3879,,,
4291,https://www.nascar.com/wp-content/uploads/sites/7/2022/03/15/34-1.png,https://www.nascar.com/wp-content/uploads/sites/7/2022/01/27/2_2022_Jesse_Iwuji_550x440-100x83.png,https://www.nascar.com/wp-content/uploads/sites/7/2022/04/07/jesse-iwuiji-202x290.png
3891,,,
4425,,,
1675,,,
4381,https://www.nascar.com/wp-content/uploads/sites/7/2022/03/15/46.png,https://www.nascar.com/wp-content/uploads/sites/7/2022/02/18/3_2022_Matt_Jaskol_550x440-100x83.png,https://www.nascar.com/wp-content/uploads/sites/7/2022/04/07/matt-jaskol-202x290.png
4033,,,
3795,,,
1714,,,
1716,,,
3958,,,
3983,,,
3983,,,
1717,,https://www.nascar.com/wp-content/uploads/sites/7/2020/02/05/1_2020_JimmieJohnson_550x440-100x83.png,
4239,,,
4239,,,
3791,,,
3942,,,
4060,,,
4085,https://www.nascar.com/wp-content/uploads/sites/7/2022/03/15/19.png,https://www.nascar.com/wp-content/uploads/sites/7/2022/01/27/2_2022_Brandon_Jones_550x440-100x83.png,https://www.nascar.com/wp-content/uploads/sites/7/2022/04/07/brandon-jones-202x290.png
4059,https://www.nascar.com/wp-content/uploads/sites/7/2017/01/21/43-1.png,https://www.nascar.com/wp-content/uploads/sites/7/2022/01/28/1_2022_Erik_Jones_550x440-100x83.png,https://www.nascar.com/wp-content/uploads/sites/7/2022/04/07/erik-jones-202x290.png
1750,,,
4215,,,
3812,,,
1761,,,
1764,,,
1772,,https://www.nascar.com/wp-content/uploads/sites/7/2018/04/1_2018_Kasey_Kahne_550x440-100x83.png,
4273,,,
4409,,,
4338,,,
1794,,,
3946,,,
3947,,,
4084,,,
4363,,,
4084,,https://www.nascar.com/wp-content/uploads/sites/7/2017/01/NXS_2017_ben_kennedy_550x440-100x83.png,
3948,,,
3709,,,
1810,,https://www.nascar.com/wp-content/uploads/sites/7/2020/05/12/1_2020_MattKenseth_550x440-100x83.png,
1810,,,
4154,,,
3772,,,
1816,https://www.nascar.com/wp-content/uploads/sites/7/2017/01/21/6-1.png,https://www.nascar.com/wp-content/uploads/sites/7/2022/01/28/1_2022_Brad_Keselowski_550x440-100x83.png,https://www.nascar.com/wp-content/uploads/sites/7/2022/04/07/brad-keslowski-202x290.png
3885,,,
1827,,,
3965,,,
4214,,,
1837,,,
1838,,,
1850,,,
4417,,,
3914,,https://www.nascar.com/wp-content/uploads/sites/7/2017/01/NCWTS_2017_parker_kligerman_550x440-100x83.png,https://www.nascar.com/wp-content/uploads/sites/7/2017/01/NCWTS_2017_parker_kligerman_550x440.png
1855,,,
4212,,,
4120,,,
3781,,,
3917,,https://www.nascar.com/wp-content/uploads/sites/7/2017/01/NXS_2017_blake_koch_550x440-100x83.png,
3917,,,
4428,,,
4297,https://www.nascar.com/wp-content/uploads/sites/7/2022/03/15/19-1.png,https://www.nascar.com/wp-content/uploads/sites/7/2022/02/18/3_2022_Derek_Kraus_550x440-100x83.png,https://www.nascar.com/wp-content/uploads/sites/7/2022/04/07/derek-kraus-202x290.png
3794,,,
1878,,,
3825,,,
4161,,,
4290,,,
1890,,,
1890,,https://www.nascar.com/wp-content/uploads/sites/7/2017/01/NCWTS_2017_travis_kvapil_550x440-100x83.png,
4447,,,
4447,https://www.nascar.com/wp-content/uploads/sites/7/2022/10/05/26.png,https://www.nascar.com/wp-content/uploads/sites/7/2017/01/Silhouette-100x83.png,
4225,https://www.nascar.com/wp-content/uploads/sites/7/2022/03/15/36.png,https://www.nascar.com/wp-content/uploads/sites/7/2020/09/07/2_2022_Alex_Labbe_550x440-100x83.png,https://www.nascar.com/wp-content/uploads/sites/7/2022/04/07/alex-labbe-202x290.png
1891,,,
1893,,,
1892,,,
3923,,,
1899,,,
4096,https://www.nascar.com/wp-content/uploads/sites/7/2017/01/21/7-1.png,https://www.nascar.com/wp-content/uploads/sites/7/2022/01/28/1_2022_Corey_LaJoie_550x440-100x83.png,https://www.nascar.com/wp-content/uploads/sites/7/2022/04/07/corey-lajoie-202x290.png
3816,,,
3816,,,
1904,,,
4430,,,
4173,,,
4030,https://www.nascar.com/wp-content/uploads/sites/7/2017/01/21/5-1.png,https://www.nascar.com/wp-content/uploads/sites/7/2022/01/28/1_2022_Kyle_Larson_550x440-100x83.png,https://www.nascar.com/wp-content/uploads/sites/7/2022/04/07/kyle-larson-202x290.png
4431,,,
3848,,,
4397,,,
3838,,,
3824,,,
4261,,,
4396,,,
4193,,,
1963,,,
4284,,,
4284,,,
4284,,,
1965,,https://www.nascar.com/wp-content/uploads/sites/7/2019/02/2_2019_StephenLeicht_550x4401-100x83.png,
1967,,,
4442,,,
1969,,,
1976,,,
4306,,https://www.nascar.com/wp-content/uploads/sites/7/2021/04/15/3_2021_RaphaelLessard_550x440-100x83.png,
1979,,,
4188,,,
4190,,,
4190,,,
3863,,,
3821,,,
4206,,,
4150,https://www.nascar.com/wp-content/uploads/sites/7/2022/03/15/02-1.png,https://www.nascar.com/wp-content/uploads/sites/7/2022/02/18/3_2022_Jesse_Little_550x440-100x83.png,https://www.nascar.com/wp-content/uploads/sites/7/2022/04/07/jesse-little-202x290.png
3909,,,
3859,https://www.nascar.com/wp-content/uploads/sites/7/2017/01/21/22-1.png,https://www.nascar.com/wp-content/uploads/sites/7/2022/01/28/1_2022_Joey_Logano_550x440-100x83.png,https://www.nascar.com/wp-content/uploads/sites/7/2022/04/07/joey-logano-202x290.png
2028,,https://www.nascar.com/wp-content/uploads/sites/7/2017/01/Silhouette-100x83.png,
2028,,,
3949,,,
2033,,,
4424,,,
4146,,,
2059,,,
4047,,,
4258,,,
4258,,,
4258,,https://www.nascar.com/wp-content/uploads/sites/7/2018/02/3_2018_ROBBY_LYONS_550x440-100x83.png,
3928,,,
2067,,,
3815,,,
4412,,,
4432,,,
3945,,,
4235,https://www.nascar.com/wp-content/uploads/sites/7/2022/03/15/66-1.png,https://www.nascar.com/wp-content/uploads/sites/7/2022/01/28/3_2022_Ty_Majeski_550x440-100x83.png,https://www.nascar.com/wp-content/uploads/sites/7/2022/04/07/ty-majeski-202x290.png
2082,,,
4443,,,
3871,,,
2099,,,
3836,,https://www.nascar.com/wp-content/uploads/sites/7/2017/01/1_2018_Justin_Marks_550x4401-100x83.png,
4329,,,
2104,,,
2104,,,
4039,,,
3898,,,
2117,,,
2120,,,
3902,,https://www.nascar.com/wp-content/uploads/sites/7/2017/01/NCWTS_2017_tommyjoe_martins_550x440-100x83.png,
3902,https://www.nascar.com/wp-content/uploads/sites/7/2022/03/15/44.png,https://www.nascar.com/wp-content/uploads/sites/7/2018/05/15/2_2021_TommyJoeMartins_550x440-100x83.png,https://www.nascar.com/wp-content/uploads/sites/7/2022/04/07/tommy-joe-martins-202x290.png
4315,https://www.nascar.com/wp-content/uploads/sites/7/2022/03/15/91.png,https://www.nascar.com/wp-content/uploads/sites/7/2022/01/07/2_2022_Mason_Massey_550x440-100x83.png,https://www.nascar.com/wp-content/uploads/sites/7/2022/04/07/mason-massey-202x290.png
3805,,,
4265,,,
3896,,,
4327,https://www.nascar.com/wp-content/uploads/sites/7/2022/03/15/1.png,https://www.nascar.com/wp-content/uploads/sites/7/2022/01/27/2_2022_Sam_Mayer_550x440-100x83.png,https://www.nascar.com/wp-content/uploads/sites/7/2022/04/07/sam-mayer-202x290.png
2145,,,
3968,,,
3968,,,
4444,,,
3817,,,
2160,,,
2160,,,
3807,,,
2170,,,
3967,,,
3832,https://www.nascar.com/wp-content/uploads/sites/7/2017/01/21/34-1.png,https://www.nascar.com/wp-content/uploads/sites/7/2022/01/28/1_2022_Michael_McDowell_550x440-100x83.png,https://www.nascar.com/wp-content/uploads/sites/7/2022/04/07/michael-mcdowell-202x290.png
4382,,,
4382,,,
3840,,,
4277,,,
4316,,https://www.nascar.com/wp-content/uploads/sites/7/2020/02/24/2_2020_CJMcLaughlin_550x440-100x83.png,
3973,https://www.nascar.com/wp-content/uploads/sites/7/2017/01/21/78.png,https://www.nascar.com/wp-content/uploads/sites/7/2021/04/15/1_2021_BJMcLeod_550x440-100x83.png,https://www.nascar.com/wp-content/uploads/sites/7/2022/04/07/bj-mcleod-202x290.png
4210,,,
2208,,,
2208,,,
2208,,https://www.nascar.com/wp-content/uploads/sites/7/2017/01/1_2018_Jaime_McMurray_550x440-100x83.png,
3969,,,
2215,,,
2215,,https://www.nascar.com/wp-content/uploads/sites/7/2017/01/headshot_new_2016_nscs_casey_mears_550x440-100x83.png,
2225,,https://www.nascar.com/wp-content/uploads/sites/7/2017/01/1_2019_Paul_Menard_550x440-100x83.png,
4322,,,
2241,,,
4034,,,
4034,,,
2248,,,
4253,,https://www.nascar.com/wp-content/uploads/sites/7/2020/02/24/2_2020_VinnieMiller_550x440-100x83.png,
3777,,,
2249,,,
4209,https://www.nascar.com/wp-content/uploads/sites/7/2022/03/15/5.png,https://www.nascar.com/wp-content/uploads/sites/7/2019/01/07/2_2022_Matt_Mills_550x440-100x83.png,https://www.nascar.com/wp-content/uploads/sites/7/2022/04/07/matt-mills-202x290.png
4091,,,
4105,,,
4105,,,
2282,,,
4436,,,
4283,,,
4176,,,
4437,,,
4415,,,
4038,https://www.nascar.com/wp-content/uploads/sites/7/2022/03/15/02.png,https://www.nascar.com/wp-content/uploads/sites/7/2017/01/16/2_2022_Brett_Moffitt_550x440-100x83.png,https://www.nascar.com/wp-content/uploads/sites/7/2022/04/07/brett-moffitt-202x290.png
2294,,,
3773,,,
4433,,,
4433,https://www.nascar.com/wp-content/uploads/sites/7/2022/03/15/26.png,https://www.nascar.com/wp-content/uploads/sites/7/2017/01/Silhouette-100x83.png,
2337,,,
4266,,,
2346,,,
4242,,,
4404,,,
4286,,,
4286,,,
4286,,,
4286,,,
4286,,,
4132,,,
2354,,,
2360,,,
3918,,,
3839,,,
4194,,,
4194,,,
2384,,,
2384,,https://www.nascar.com/wp-content/uploads/sites/7/2019/02/25/2_2020_JoeNemechek_550x440-100x83.png,
4092,https://www.nascar.com/wp-content/uploads/sites/7/2017/01/02/45.png,https://www.nascar.com/wp-content/uploads/sites/7/2022/01/28/3_2022_John_Hunter_Nemechek_550x440-100x83.png,https://www.nascar.com/wp-content/uploads/sites/7/2022/04/07/john-hunter-nemechek-202x290.png
4092,https://www.nascar.com/wp-content/uploads/sites/7/2022/03/15/4-1.png,https://www.nascar.com/wp-content/uploads/sites/7/2022/01/28/3_2022_John_Hunter_Nemechek_550x440-100x83.png,https://www.nascar.com/wp-content/uploads/sites/7/2022/04/07/john-hunter-nemechek-202x290.png
2388,,,
2394,https://www.nascar.com/wp-content/uploads/sites/7/2017/01/22/6.png,https://www.nascar.com/wp-content/uploads/sites/7/2021/04/15/1_2021_RyanNewman_550x440-100x83.png,
4369,,,
4278,,,
3818,,,
2412,,,
3851,,,
2449,,,
4138,,,
3887,,,
2443,,,
4279,,,
3982,,,
3960,,,
3796,,,
2484,,,
2484,,,
3785,,,
4317,,,
2495,,,
4285,https://www.nascar.com/wp-content/uploads/sites/7/2022/03/15/99.png,https://www.nascar.com/wp-content/uploads/sites/7/2022/01/27/2_2022_Stefan_Parsons_550x440-100x83.png,https://www.nascar.com/wp-content/uploads/sites/7/2022/04/07/stefan-parsons-202x290.png
4024,,,
3929,,,
3997,,,
3997,,,
3997,,,
3997,,,
3997,,https://www.nascar.com/wp-content/uploads/sites/7/2017/01/Silhouette-100x83.png,
3783,,,
4421,,,
4376,https://www.nascar.com/wp-content/uploads/sites/7/2022/01/15/9.png,https://www.nascar.com/wp-content/uploads/sites/7/2022/01/28/3_2022_Blaine_Perkins_550x440-100x83.png,https://www.nascar.com/wp-content/uploads/sites/7/2022/04/07/blaine-perkins-202x290.png
2550,,https://www.nascar.com/wp-content/uploads/sites/7/2019/02/3_2019_TimothyPeters_550x440-100x83.png,
4333,,,
2558,,,
4157,,,
3814,,,
3930,,,
4343,,,
2601,,,
4144,,https://www.nascar.com/wp-content/uploads/sites/7/2017/01/24/3_2020_-BrennanPoole_550x440-100x83.png,
3804,,,
2618,,,
3862,,,
4070,https://www.nascar.com/wp-content/uploads/sites/7/2017/01/21/41-1.png,https://www.nascar.com/wp-content/uploads/sites/7/2021/04/15/1_2021_RyanPreece_550x440-100x83.png,
3906,,,
4399,,,
4280,,,
2655,,,
4390,,,
4295,,,
4295,https://www.nascar.com/wp-content/uploads/sites/7/2022/03/15/61.png,https://www.nascar.com/wp-content/uploads/sites/7/2022/01/28/3_2022_Chase_Purdy_550x440-100x83.png,https://www.nascar.com/wp-content/uploads/sites/7/2022/04/07/chase-purdy-202x290.png
2667,,,
4336,,,
3786,,,
2674,,,
2674,,https://www.nascar.com/wp-content/uploads/sites/7/2019/02/1_2019_David_Ragan_550x4401-100x83.png,
3990,,,
2681,,,
0,,,
2688,,,
3867,,,
4319,,,
3847,,,
4102,,https://www.nascar.com/wp-content/uploads/sites/7/2018/01/24/3_2020_JoshReaume_550x440-100x83.png,
4065,https://www.nascar.com/wp-content/uploads/sites/7/2017/01/02/45.png,https://www.nascar.com/wp-content/uploads/sites/7/2022/01/28/1_2022_Tyler_Reddick_550x440-100x83.png,https://www.nascar.com/wp-content/uploads/sites/7/2022/04/07/tyler-reddick-205x290.png
4049,,https://www.nascar.com/wp-content/uploads/sites/7/2017/01/2_2018_Ryan_Reed_550x440-100x83.png,
4219,,,
4116,,,
2720,,,
4314,,,
4419,,,
4115,,,
4115,,,
4124,,,
2735,,,
4057,,https://www.nascar.com/wp-content/uploads/sites/7/2017/01/NXS_2017_Harrison_Rhodes_550x440-100x83.png,
4107,https://www.nascar.com/wp-content/uploads/sites/7/2022/03/15/99-1.png,https://www.nascar.com/wp-content/uploads/sites/7/2022/01/28/3_2022_Ben_Rhodes_550x440-100x83.png,https://www.nascar.com/wp-content/uploads/sites/7/2022/04/07/ben-rhodes-202x290.png
4057,,,
2758,,,
3789,,,
2771,,,
2771,,,
4446,,,
3987,,,
4420,,,
4448,,,
4448,https://www.nascar.com/wp-content/uploads/sites/7/2019/02/21/77.png,https://www.nascar.com/wp-content/uploads/sites/7/2022/10/05/2022_IWSC_MikeRockenfeller_355x355-100x83.png,
4005,,,
4005,,,
4005,,,
4321,,,
2810,,,
4287,,https://www.nascar.com/wp-content/uploads/sites/7/2020/02/24/3_2020_CodieRohrbaugh_550x440-1-100x83.png,
4262,,https://www.nascar.com/wp-content/uploads/sites/7/2019/09/24/3_2020_CoryRoper_550x440-100x83.png,
4262,,https://www.nascar.com/wp-content/uploads/sites/7/2021/04/15/3_2021_CoryRoper_550x440-100x83.png,
3788,,,
4294,,,
4294,,,
4294,,,
4294,,,
4403,,,
3787,,,
4086,,,
3857,,https://www.nascar.com/wp-content/uploads/sites/7/2020/01/24/3_2020_AngelaRuch_550x440-100x83.png,
2852,,,
2870,,,
2877,,,
2878,,,
2878,,https://www.nascar.com/wp-content/uploads/sites/7/2017/01/2_2018_Elliott_Sadler_550x4401-100x83.png,
2879,,,
2883,,,
2883,,,
4416,,,
3799,,,
4171,,https://www.nascar.com/wp-content/uploads/sites/7/2018/01/3_2018_DALTON_SARGEANT_550x440-100x83.png,
4171,,,
4307,,,
2909,,,
2912,,,
2911,,https://www.nascar.com/wp-content/uploads/sites/7/2021/04/15/3_2021_JohnnySauter_550x430-100x83.png,
3950,,,
4400,,,
2925,,,
2937,,,
3723,,,
3822,,,
4198,,,
3860,,,
4278,,https://www.nascar.com/wp-content/uploads/sites/7/2017/01/Silhouette-100x83.png,
4189,https://www.nascar.com/wp-content/uploads/sites/7/2022/03/15/22.png,https://www.nascar.com/wp-content/uploads/sites/7/2022/02/18/3_2022_Austin_Wayne_Self_550x440-100x83.png,https://www.nascar.com/wp-content/uploads/sites/7/2022/04/07/austin-wayne-self-202x290.png
2977,,,
4234,,,
2983,,,
2983,,,
4064,,https://www.nascar.com/wp-content/uploads/sites/7/2017/01/Silhouette-100x83.png,
3901,,,
3001,,,
3837,,,
3003,,,
3002,,https://www.nascar.com/wp-content/uploads/sites/7/2017/01/NXS_2017_Morgan_Sheperd_550x440-100x83.png,
3002,,,
3006,,,
4201,,,
4388,,,
3884,https://www.nascar.com/wp-content/uploads/sites/7/2022/03/15/39.png,https://www.nascar.com/wp-content/uploads/sites/7/2017/01/07/2_2022_Ryan_Sieg_550x440-100x83.png,https://www.nascar.com/wp-content/uploads/sites/7/2022/04/07/ryan-sieg-202x290.png
3020,,,
3798,,,
3721,,,
3032,,,
3032,,,
3790,,,
4087,,,
3877,,,
3052,,,
3094,,,
3803,,,
4331,,,
4199,,,
4411,,,
4441,,,
4312,https://www.nascar.com/wp-content/uploads/sites/7/2022/03/15/18-1.png,https://www.nascar.com/wp-content/uploads/sites/7/2022/01/28/3_2022_Chandler_Smith_550x440-100x83.png,https://www.nascar.com/wp-content/uploads/sites/7/2022/04/07/chandler-smith-202x290.png
4272,https://www.nascar.com/wp-content/uploads/sites/7/2022/03/15/38.png,https://www.nascar.com/wp-content/uploads/sites/7/2022/01/28/3_2022_Zane_Smith_550x440-100x83.png,https://www.nascar.com/wp-content/uploads/sites/7/2022/04/07/zane-smith-202x290.png
4142,https://www.nascar.com/wp-content/uploads/sites/7/2022/03/15/78.png,https://www.nascar.com/wp-content/uploads/sites/7/2017/01/20/1_2021_GarrettSmithley_550x440-100x83.png,
4223,https://www.nascar.com/wp-content/uploads/sites/7/2022/03/15/31.png,https://www.nascar.com/wp-content/uploads/sites/7/2019/11/07/2_2022_Myatt_Snider_550x440-100x83.png,https://www.nascar.com/wp-content/uploads/sites/7/2022/04/07/myatt-snider-202x290.png
3112,,,
4216,,,
3120,,https://www.nascar.com/wp-content/uploads/sites/7/2018/04/1_2018_Reed_Sorenson_550x440-100x83.png,
3736,,,
3845,,,
3145,,,
3152,,,
4042,,,
3874,,,
4227,,,
3170,,https://www.nascar.com/wp-content/uploads/sites/7/2019/02/2_2019_DavidStarr_550x440-100x83.png,
3865,,,
3888,https://www.nascar.com/wp-content/uploads/sites/7/2017/01/21/47-1.png,https://www.nascar.com/wp-content/uploads/sites/7/2022/01/28/1_2022_Ricky_StenhouseJr_550x440-100x83.png,https://www.nascar.com/wp-content/uploads/sites/7/2022/04/07/ricky-stenhouse-202x290.png
4021,,,
4426,,,
3193,,,
3210,,,
3221,,,
4281,,,
4113,https://www.nascar.com/wp-content/uploads/sites/7/2017/01/21/99-1.png,https://www.nascar.com/wp-content/uploads/sites/7/2022/01/28/1_2022_Daniel_Suarez_550x440-100x83.png,https://www.nascar.com/wp-content/uploads/sites/7/2022/04/07/daniel-suarez-202x290.png
3235,,,
3926,,,
3951,,,
3911,,https://www.nascar.com/wp-content/uploads/sites/7/2019/02/3_2019_AlexTagliani_550x440-100x83.png,
3911,,https://www.nascar.com/wp-content/uploads/sites/7/2019/02/3_2019_AlexTagliani_550x440-100x83.png,
3911,,https://www.nascar.com/wp-content/uploads/sites/7/2019/02/3_2019_AlexTagliani_550x440-100x83.png,
4015,,,
3966,,,
3272,,,
4282,,,
4114,,,
4114,,https://www.nascar.com/wp-content/uploads/sites/7/2017/01/Silhouette-100x83.png,
3853,,,
3809,,,
3307,,,
4414,https://www.nascar.com/wp-content/uploads/sites/7/2022/03/15/40.png,https://www.nascar.com/wp-content/uploads/sites/7/2022/01/28/3_2022_Dean_Thompson_550x440-100x83.png,https://www.nascar.com/wp-content/uploads/sites/7/2022/04/07/dean-thompson-193x290.png
3866,,,
4267,,,
4131,,,
4131,,https://www.nascar.com/wp-content/uploads/sites/7/2017/01/1_2019_Matt_Tifft_550x440-100x83.png,
4389,,,
0,,https://www.nascar.com/wp-content/uploads/sites/7/2017/01/headshot_new_2016_ncwts_john_wes_townley_550x440-100x83.png,
3855,,,
3352,,,
3952,,https://www.nascar.com/wp-content/uploads/sites/7/2021/04/15/3_2021_RyanTruex_550x440-100x83.png,
3368,https://www.nascar.com/wp-content/uploads/sites/7/2017/01/21/19-1.png,https://www.nascar.com/wp-content/uploads/sites/7/2022/01/28/1_2022_Martin_TruexJr_550x440-100x83.png,https://www.nascar.com/wp-content/uploads/sites/7/2017/01/10/truex-waistup-205x290.png
3371,,,
4274,,,
3813,,,
4226,,,
4247,,,
4345,,https://www.nascar.com/wp-content/uploads/sites/7/2017/01/Silhouette-100x83.png,
4320,https://www.nascar.com/wp-content/uploads/sites/7/2022/03/15/6.png,https://www.nascar.com/wp-content/uploads/sites/7/2022/01/27/2_2022_Ryan_Vargas_550x440-100x83.png,https://www.nascar.com/wp-content/uploads/sites/7/2022/04/07/ryan-vargas-202x290.png
4320,,,
3425,,,
4151,,,
4151,,https://www.nascar.com/wp-content/uploads/sites/7/2021/04/15/3_2021_TimViens_550x440-100x83.png,
3823,,,
3452,,,
3456,,,
3461,,,
3846,,,
3458,,https://www.nascar.com/wp-content/uploads/sites/7/2017/01/Silhouette-100x83.png,
4025,https://www.nascar.com/wp-content/uploads/sites/7/2017/01/02/23-1.png,https://www.nascar.com/wp-content/uploads/sites/7/2017/01/14/1_2022_Bubba_Wallace_550x440-100x83.png,https://www.nascar.com/wp-content/uploads/sites/7/2017/01/10/bubba-waistup-205x290.png
3478,,,
4179,,,
4325,,,
4341,,,
4125,,,
4125,https://www.nascar.com/wp-content/uploads/sites/7/2017/01/02/51.png,https://www.nascar.com/wp-content/uploads/sites/7/2022/01/28/1_2022_Cody_Ware_550x440-100x83.png,https://www.nascar.com/wp-content/uploads/sites/7/2022/04/07/cody-ware-202x290.png
4187,,https://www.nascar.com/wp-content/uploads/sites/7/2019/09/15/2_2021_KyleWeatherman_550x440-100x83.png,
3878,,,
4181,,,
4440,,,
3549,,,
4292,,https://www.nascar.com/wp-content/uploads/sites/7/2019/09/24/3_2020_JasonWhite_550x440-100x83.png,
4220,,,
3557,,,
3920,,,
3979,,https://www.nascar.com/wp-content/uploads/sites/7/2017/01/1_2018_Cole_Whitt_550x440-100x83.png,
3572,,,
4385,,,
4106,https://www.nascar.com/wp-content/uploads/sites/7/2017/01/21/78.png,https://www.nascar.com/wp-content/uploads/sites/7/2022/01/27/2_2022_Josh_Williams_550x440-100x83.png,https://www.nascar.com/wp-content/uploads/sites/7/2022/04/07/josh-williams-202x290.png
4106,https://www.nascar.com/wp-content/uploads/sites/7/2022/03/15/78.png,https://www.nascar.com/wp-content/uploads/sites/7/2022/01/27/2_2022_Josh_Williams_550x440-100x83.png,https://www.nascar.com/wp-content/uploads/sites/7/2022/04/07/josh-williams-202x290.png
4263,,,
3619,,,
3620,,,
3620,,,
4238,,,
4238,,,
3797,,https://www.nascar.com/wp-content/uploads/sites/7/2017/01/JOSHheadshot_new_2015_joshwise_nscs_550x440-100x83.png,
3797,,,
4175,,,
3634,,,
4391,,,
4391,https://www.nascar.com/wp-content/uploads/sites/7/2022/03/15/24-1.png,https://www.nascar.com/wp-content/uploads/sites/7/2022/01/28/3_2022_Jack_Wood_550x440-100x83.png,https://www.nascar.com/wp-content/uploads/sites/7/2022/04/07/jack-wood-202x290.png
3637,,,
3842,,,
4364,,,
4364,https://www.nascar.com/wp-content/uploads/sites/7/2022/03/15/44-1.png,https://www.nascar.com/wp-content/uploads/sites/7/2022/01/28/3_2022_Kris_Wright_550x440-100x83.png,https://www.nascar.com/wp-content/uploads/sites/7/2022/04/07/kris-wright-202x290.png
3669,https://www.nascar.com/wp-content/uploads/sites/7/2022/03/15/66.png,https://www.nascar.com/wp-content/uploads/sites/7/2017/01/20/1_2021_JJYeley_550x440-100x83.png,
3669,https://www.nascar.com/wp-content/uploads/sites/7/2017/01/02/15-1.png,https://www.nascar.com/wp-content/uploads/sites/7/2017/01/20/1_2021_JJYeley_550x440-100x83.png,
4020,,https://www.nascar.com/wp-content/uploads/sites/7/2017/01/headshot_new_2016_ncwts_tyler_young_550x440-100x83.png,
4244,,,
3681,,,
3678,,,
3897,,,
